Participant,Group,Item,Task,RT,Accuracy
2,L2,coat,Regular,968,1
2,L2,coat,Delayed,382,0
2,L2,doll,Regular,968,0
2,L2,doll,Delayed,480,0
2,L2,knife,Regular,712,1
2,L2,knife,Delayed,392,1
2,L2,leg,Regular,1048,1
2,L2,leg,Delayed,424,1
2,L2,road,Regular,912,1
2,L2,road,Delayed,512,1
2,L2,sock,Regular,736,1
2,L2,sock,Delayed,528,1
2,L2,wall,Regular,1512,1
4,L2,coat,Regular,1185,1
4,L2,doll,Regular,1106,0
4,L2,knife,Regular,648,0
4,L2,knife,Delayed,161,1
4,L2,leg,Regular,720,1
4,L2,road,Delayed,360,1
4,L2,sock,Regular,688,0
4,L2,sock,Delayed,168,1
5,L2,bag,Regular,930,1
5,L2,heel,Regular,679,1
5,L2,heel,Delayed,275,1
5,L2,knife,Regular,775,0
5,L2,knife,Delayed,267,1
5,L2,leg,Delayed,427,1
5,L2,road,Regular,793,0
5,L2,road,Delayed,472,1
5,L2,roof,Regular,776,1
5,L2,sock,Regular,464,1
5,L2,sock,Delayed,256,1
5,L2,tire,Regular,697,1
5,L2,tire,Delayed,430,1
6,L2,bag,Regular,801,0
6,L2,coat,Regular,1103,0
6,L2,coat,Delayed,469,1
6,L2,doll,Regular,856,0
6,L2,heel,Regular,1072,1
6,L2,heel,Delayed,371,1
6,L2,knife,Regular,728,1
6,L2,knife,Delayed,532,1
6,L2,leg,Delayed,418,1
6,L2,road,Regular,856,1
6,L2,road,Delayed,320,1
6,L2,roof,Regular,1048,1
6,L2,roof,Delayed,367,1
6,L2,sock,Regular,595,1
6,L2,sock,Delayed,352,1
6,L2,wall,Regular,864,1
6,L2,wall,Delayed,528,1
7,L2,coat,Delayed,347,1
7,L2,doll,Delayed,544,1
7,L2,knife,Regular,1016,1
7,L2,knife,Delayed,352,1
7,L2,road,Regular,939,1
7,L2,road,Delayed,376,1
7,L2,roof,Delayed,472,1
7,L2,sock,Regular,896,0
7,L2,sock,Delayed,488,1
7,L2,wall,Delayed,793,1
10,L2,leg,Regular,1147,1
10,L2,roof,Regular,1400,0
10,L2,sock,Regular,823,1
11,L2,doll,Delayed,422,1
11,L2,heel,Delayed,428,1
12,L2,bag,Regular,1139,1
12,L2,bag,Delayed,608,1
12,L2,hat,Regular,1295,0
12,L2,hat,Delayed,426,1
12,L2,heel,Regular,1080,1
12,L2,heel,Delayed,368,1
12,L2,knife,Regular,1490,1
12,L2,knife,Delayed,505,1
12,L2,leg,Regular,856,1
12,L2,leg,Delayed,552,0
12,L2,road,Regular,964,1
12,L2,road,Delayed,753,1
12,L2,roof,Regular,1076,1
12,L2,roof,Delayed,458,1
12,L2,sock,Regular,920,0
12,L2,sock,Delayed,472,1
12,L2,tire,Regular,1424,1
12,L2,tire,Delayed,522,1
12,L2,wall,Regular,1080,1
12,L2,wall,Delayed,416,1
13,L2,coat,Regular,768,0
13,L2,coat,Delayed,356,1
13,L2,doll,Delayed,489,0
13,L2,heel,Regular,603,1
13,L2,heel,Delayed,318,0
13,L2,knife,Regular,566,0
13,L2,knife,Delayed,381,1
13,L2,leg,Regular,870,1
13,L2,road,Regular,1041,0
13,L2,road,Delayed,408,1
13,L2,roof,Regular,766,1
13,L2,sock,Regular,632,1
13,L2,sock,Delayed,1009,1
13,L2,wall,Regular,678,1
13,L2,wall,Delayed,327,1
15,L2,bag,Delayed,304,1
15,L2,coat,Delayed,405,1
15,L2,doll,Regular,872,0
15,L2,doll,Delayed,328,1
15,L2,hat,Regular,1076,1
15,L2,hat,Delayed,456,1
15,L2,heel,Delayed,574,1
15,L2,knife,Regular,966,1
15,L2,knife,Delayed,287,1
15,L2,leg,Regular,726,1
15,L2,road,Delayed,280,1
15,L2,roof,Regular,1418,1
15,L2,roof,Delayed,304,1
15,L2,sock,Regular,1193,1
15,L2,sock,Delayed,152,1
15,L2,tire,Delayed,296,1
15,L2,wall,Regular,1045,1
15,L2,wall,Delayed,301,1
16,L2,bag,Regular,1216,1
16,L2,bag,Delayed,376,1
16,L2,knife,Delayed,356,0
16,L2,leg,Regular,720,1
16,L2,leg,Delayed,408,1
16,L2,road,Delayed,1064,1
16,L2,roof,Delayed,1056,1
16,L2,sock,Delayed,200,1
16,L2,wall,Delayed,464,1
17,L2,bag,Regular,664,0
17,L2,coat,Regular,856,1
17,L2,coat,Delayed,520,1
17,L2,doll,Regular,728,1
17,L2,doll,Delayed,344,1
17,L2,heel,Regular,720,1
17,L2,heel,Delayed,1434,1
17,L2,knife,Regular,584,1
17,L2,knife,Delayed,400,1
17,L2,leg,Regular,1163,1
17,L2,leg,Delayed,344,1
17,L2,road,Regular,851,1
17,L2,road,Delayed,408,0
17,L2,roof,Regular,904,0
17,L2,roof,Delayed,480,1
17,L2,sock,Regular,600,1
17,L2,sock,Delayed,424,1
17,L2,wall,Regular,1018,0
17,L2,wall,Delayed,424,1
18,L2,coat,Delayed,432,1
18,L2,doll,Regular,1149,1
18,L2,doll,Delayed,341,1
18,L2,hat,Delayed,233,1
18,L2,heel,Regular,1440,1
18,L2,heel,Delayed,287,1
18,L2,knife,Regular,648,1
18,L2,knife,Delayed,368,1
18,L2,leg,Regular,672,0
18,L2,leg,Delayed,320,1
18,L2,road,Regular,1080,1
18,L2,road,Delayed,320,1
18,L2,roof,Regular,736,0
18,L2,roof,Delayed,364,1
18,L2,sock,Regular,576,1
18,L2,sock,Delayed,256,0
18,L2,wall,Delayed,353,1
19,L2,coat,Regular,1047,1
19,L2,coat,Delayed,345,1
19,L2,doll,Regular,630,0
19,L2,doll,Delayed,433,1
19,L2,hat,Regular,1163,1
19,L2,hat,Delayed,843,1
19,L2,heel,Regular,643,1
19,L2,heel,Delayed,944,1
19,L2,knife,Regular,580,0
19,L2,knife,Delayed,256,1
19,L2,leg,Regular,599,1
19,L2,leg,Delayed,345,1
19,L2,road,Regular,812,1
19,L2,road,Delayed,472,1
19,L2,roof,Regular,610,1
19,L2,roof,Delayed,418,1
19,L2,sock,Delayed,364,1
19,L2,wall,Regular,878,1
19,L2,wall,Delayed,381,1
20,L2,hat,Delayed,1184,1
20,L2,heel,Regular,830,1
20,L2,heel,Delayed,418,1
20,L2,knife,Regular,1149,1
20,L2,knife,Delayed,337,1
20,L2,leg,Delayed,1656,1
20,L2,sock,Regular,733,1
20,L2,sock,Delayed,226,1
20,L2,wall,Regular,888,1
21,L2,knife,Delayed,410,1
21,L2,leg,Delayed,368,1
21,L2,roof,Regular,1408,1
21,L2,sock,Delayed,336,1
22,L2,doll,Regular,944,0
22,L2,doll,Delayed,368,1
22,L2,heel,Delayed,184,1
22,L2,knife,Delayed,373,1
22,L2,leg,Delayed,340,1
22,L2,sock,Delayed,256,1
24,L2,bag,Delayed,320,1
24,L2,coat,Delayed,607,1
24,L2,doll,Regular,720,0
24,L2,doll,Delayed,244,1
24,L2,hat,Regular,881,1
24,L2,heel,Regular,784,1
24,L2,heel,Delayed,239,0
24,L2,knife,Regular,1016,0
24,L2,knife,Delayed,216,1
24,L2,leg,Regular,638,1
24,L2,leg,Delayed,185,1
24,L2,road,Regular,688,1
24,L2,road,Delayed,680,1
24,L2,roof,Regular,1224,0
24,L2,roof,Delayed,264,1
24,L2,sock,Regular,824,0
24,L2,sock,Delayed,224,1
24,L2,wall,Regular,776,0
24,L2,wall,Delayed,240,1
25,L2,bag,Regular,944,1
25,L2,bag,Delayed,360,1
25,L2,coat,Delayed,328,1
25,L2,hat,Delayed,648,1
25,L2,heel,Regular,593,0
25,L2,heel,Delayed,376,1
25,L2,knife,Regular,672,1
25,L2,knife,Delayed,292,1
25,L2,leg,Regular,728,1
25,L2,leg,Delayed,296,1
25,L2,road,Regular,824,1
25,L2,road,Delayed,801,1
25,L2,roof,Regular,560,0
25,L2,roof,Delayed,392,1
25,L2,sock,Regular,470,1
25,L2,sock,Delayed,288,1
25,L2,tire,Regular,776,1
25,L2,tire,Delayed,504,1
25,L2,wall,Regular,680,1
25,L2,wall,Delayed,408,1
26,L2,coat,Delayed,422,1
26,L2,heel,Regular,1378,0
26,L2,road,Delayed,200,1
26,L2,roof,Delayed,624,1
26,L2,sock,Delayed,408,1
27,L2,road,Regular,888,0
27,L2,road,Delayed,352,1
27,L2,sock,Regular,868,1
28,L2,coat,Regular,1387,1
28,L2,coat,Delayed,448,1
28,L2,doll,Regular,832,1
28,L2,doll,Delayed,672,1
28,L2,hat,Regular,836,1
28,L2,hat,Delayed,335,1
28,L2,heel,Delayed,400,1
28,L2,knife,Regular,856,1
28,L2,leg,Regular,829,1
28,L2,leg,Delayed,365,1
28,L2,road,Regular,1024,0
28,L2,road,Delayed,432,1
28,L2,roof,Regular,928,1
28,L2,roof,Delayed,1321,1
28,L2,sock,Regular,800,0
28,L2,sock,Delayed,416,1
28,L2,wall,Regular,1032,1
28,L2,wall,Delayed,628,1
29,L2,doll,Regular,740,1
29,L2,hat,Regular,2000,1
29,L2,hat,Delayed,428,1
29,L2,knife,Regular,712,1
29,L2,knife,Delayed,352,1
29,L2,leg,Regular,768,0
29,L2,leg,Delayed,448,1
29,L2,road,Regular,1168,1
29,L2,sock,Regular,584,1
29,L2,sock,Delayed,772,1
29,L2,tire,Regular,893,1
29,L2,tire,Delayed,677,0
30,L2,bag,Regular,732,1
30,L2,doll,Regular,688,1
30,L2,doll,Delayed,530,1
30,L2,hat,Regular,888,0
30,L2,heel,Regular,703,1
30,L2,heel,Delayed,385,1
30,L2,knife,Regular,896,0
30,L2,knife,Delayed,369,0
30,L2,leg,Regular,617,1
30,L2,leg,Delayed,393,1
30,L2,road,Regular,775,1
30,L2,road,Delayed,392,1
30,L2,roof,Regular,770,1
30,L2,roof,Delayed,448,1
30,L2,sock,Regular,612,1
30,L2,sock,Delayed,389,1
30,L2,tire,Regular,687,1
30,L2,tire,Delayed,328,1
30,L2,wall,Regular,866,1
30,L2,wall,Delayed,356,1
31,L2,heel,Delayed,346,0
31,L2,leg,Delayed,422,1
31,L2,roof,Regular,1113,0
31,L2,sock,Delayed,376,1
32,L2,bag,Delayed,568,1
32,L2,coat,Regular,1374,1
32,L2,coat,Delayed,472,1
32,L2,doll,Delayed,272,1
32,L2,hat,Regular,1400,1
32,L2,hat,Delayed,520,1
32,L2,heel,Delayed,368,1
32,L2,knife,Regular,984,1
32,L2,knife,Delayed,328,1
32,L2,leg,Regular,1208,0
32,L2,leg,Delayed,430,0
32,L2,road,Regular,992,1
32,L2,road,Delayed,392,1
32,L2,roof,Regular,1664,1
32,L2,roof,Delayed,560,1
32,L2,sock,Regular,800,1
32,L2,sock,Delayed,412,1
32,L2,tire,Regular,832,1
32,L2,tire,Delayed,552,1
32,L2,wall,Regular,1528,0
32,L2,wall,Delayed,488,1
33,L2,coat,Regular,1216,1
33,L2,coat,Delayed,462,1
33,L2,doll,Delayed,656,1
33,L2,hat,Regular,976,0
33,L2,hat,Delayed,760,1
33,L2,heel,Delayed,467,1
33,L2,knife,Regular,728,1
33,L2,knife,Delayed,576,1
33,L2,leg,Regular,776,1
33,L2,leg,Delayed,403,1
33,L2,road,Regular,984,1
33,L2,road,Delayed,370,1
33,L2,roof,Regular,808,1
33,L2,roof,Delayed,744,1
33,L2,sock,Regular,552,1
33,L2,sock,Delayed,303,1
33,L2,wall,Regular,1056,1
33,L2,wall,Delayed,549,1
34,L2,bag,Delayed,293,1
34,L2,doll,Delayed,240,1
34,L2,hat,Delayed,339,1
34,L2,heel,Regular,1326,1
34,L2,heel,Delayed,344,1
34,L2,knife,Regular,736,1
34,L2,knife,Delayed,351,1
34,L2,road,Regular,784,1
34,L2,road,Delayed,104,1
34,L2,roof,Regular,859,1
34,L2,roof,Delayed,285,1
34,L2,sock,Regular,720,0
34,L2,sock,Delayed,326,1
34,L2,tire,Delayed,497,1
34,L2,wall,Regular,1032,1
34,L2,wall,Delayed,288,0
35,L2,coat,Regular,1640,1
35,L2,doll,Delayed,432,1
35,L2,heel,Regular,1176,1
35,L2,knife,Regular,832,0
35,L2,knife,Delayed,976,1
35,L2,leg,Regular,1136,1
35,L2,leg,Delayed,414,1
35,L2,road,Regular,976,1
35,L2,roof,Regular,960,0
35,L2,roof,Delayed,410,1
35,L2,sock,Regular,768,1
35,L2,sock,Delayed,312,1
35,L2,tire,Delayed,789,1
35,L2,wall,Delayed,456,1
36,L2,coat,Regular,1216,1
36,L2,doll,Delayed,632,1
36,L2,hat,Regular,1064,1
36,L2,heel,Regular,1000,1
36,L2,heel,Delayed,343,1
36,L2,knife,Delayed,488,1
36,L2,leg,Regular,1136,1
36,L2,leg,Delayed,496,1
36,L2,roof,Regular,1392,1
36,L2,roof,Delayed,432,1
36,L2,sock,Regular,591,1
36,L2,sock,Delayed,279,1
36,L2,wall,Regular,1432,1
36,L2,wall,Delayed,384,1
37,L2,bag,Regular,1192,1
37,L2,bag,Delayed,666,1
37,L2,doll,Regular,672,0
37,L2,doll,Delayed,448,1
37,L2,hat,Regular,979,1
37,L2,hat,Delayed,403,0
37,L2,heel,Regular,608,1
37,L2,heel,Delayed,444,1
37,L2,knife,Regular,520,1
37,L2,knife,Delayed,328,1
37,L2,leg,Regular,647,1
37,L2,leg,Delayed,424,1
37,L2,road,Regular,824,1
37,L2,road,Delayed,456,1
37,L2,roof,Regular,824,0
37,L2,roof,Delayed,472,1
37,L2,sock,Regular,528,1
37,L2,sock,Delayed,368,1
37,L2,tire,Regular,672,1
37,L2,tire,Delayed,496,1
37,L2,wall,Regular,776,1
37,L2,wall,Delayed,536,1
38,L2,bag,Delayed,128,1
38,L2,coat,Delayed,424,1
38,L2,doll,Delayed,496,1
38,L2,heel,Regular,1280,0
38,L2,heel,Delayed,640,1
38,L2,knife,Regular,927,1
38,L2,knife,Delayed,736,1
38,L2,leg,Regular,912,1
38,L2,leg,Delayed,408,1
38,L2,road,Regular,912,1
38,L2,roof,Regular,795,1
38,L2,roof,Delayed,504,1
38,L2,sock,Regular,1040,1
38,L2,sock,Delayed,440,1
38,L2,tire,Regular,847,1
38,L2,tire,Delayed,544,1
39,L2,coat,Delayed,435,1
39,L2,doll,Delayed,328,1
39,L2,hat,Delayed,945,1
39,L2,heel,Delayed,612,1
39,L2,leg,Regular,1032,1
39,L2,leg,Delayed,376,1
39,L2,road,Regular,949,0
39,L2,road,Delayed,472,1
39,L2,sock,Delayed,203,1
40,L2,doll,Regular,992,1
40,L2,doll,Delayed,400,1
40,L2,hat,Delayed,370,0
40,L2,heel,Regular,1026,1
40,L2,heel,Delayed,664,1
40,L2,knife,Regular,784,1
40,L2,knife,Delayed,376,1
40,L2,leg,Regular,1008,1
40,L2,leg,Delayed,480,1
40,L2,roof,Delayed,664,1
40,L2,sock,Regular,720,1
40,L2,sock,Delayed,400,1
40,L2,tire,Regular,960,0
40,L2,tire,Delayed,374,1
40,L2,wall,Regular,848,1
40,L2,wall,Delayed,439,1
41,L2,bag,Delayed,501,1
41,L2,doll,Delayed,362,1
41,L2,heel,Regular,710,1
41,L2,heel,Delayed,424,1
41,L2,knife,Regular,856,1
41,L2,knife,Delayed,201,1
41,L2,leg,Regular,752,1
41,L2,road,Regular,792,1
41,L2,roof,Regular,1024,1
41,L2,sock,Regular,648,0
41,L2,sock,Delayed,632,1
41,L2,wall,Regular,904,1
41,L2,wall,Delayed,301,1
42,L2,bag,Delayed,200,1
42,L2,hat,Regular,1361,1
42,L2,hat,Delayed,226,1
42,L2,heel,Regular,668,1
42,L2,heel,Delayed,562,1
42,L2,knife,Delayed,331,1
42,L2,leg,Regular,822,1
42,L2,leg,Delayed,228,1
42,L2,roof,Delayed,328,1
42,L2,sock,Regular,526,0
42,L2,sock,Delayed,237,1
42,L2,wall,Regular,1078,1
43,L2,coat,Regular,1032,1
43,L2,doll,Regular,784,1
43,L2,doll,Delayed,412,1
43,L2,heel,Regular,616,0
43,L2,heel,Delayed,336,1
43,L2,knife,Regular,522,1
43,L2,knife,Delayed,1000,1
43,L2,leg,Regular,703,0
43,L2,leg,Delayed,240,1
43,L2,road,Regular,736,1
43,L2,roof,Regular,656,0
43,L2,sock,Regular,608,1
43,L2,sock,Delayed,277,0
44,L2,coat,Regular,1066,1
44,L2,doll,Regular,856,1
44,L2,doll,Delayed,464,1
44,L2,hat,Regular,903,1
44,L2,hat,Delayed,395,1
44,L2,heel,Delayed,248,1
44,L2,knife,Regular,668,1
44,L2,leg,Regular,688,0
44,L2,leg,Delayed,297,1
44,L2,road,Regular,734,1
44,L2,roof,Regular,828,1
44,L2,sock,Regular,632,0
44,L2,wall,Regular,992,1
44,L2,wall,Delayed,488,1
46,L2,bag,Delayed,472,1
46,L2,coat,Delayed,1292,1
46,L2,doll,Regular,1128,1
46,L2,doll,Delayed,488,1
46,L2,hat,Delayed,431,1
46,L2,heel,Delayed,541,1
46,L2,knife,Regular,861,1
46,L2,knife,Delayed,384,1
46,L2,leg,Delayed,425,1
46,L2,road,Regular,936,1
46,L2,road,Delayed,440,1
46,L2,roof,Delayed,408,1
46,L2,sock,Delayed,412,1
46,L2,wall,Delayed,432,1
48,L2,bag,Regular,1536,0
48,L2,bag,Delayed,640,1
48,L2,doll,Delayed,766,1
48,L2,hat,Regular,722,1
48,L2,hat,Delayed,665,1
48,L2,knife,Regular,697,1
48,L2,knife,Delayed,758,1
48,L2,leg,Delayed,846,1
48,L2,road,Regular,896,1
48,L2,road,Delayed,846,1
48,L2,roof,Regular,1168,0
48,L2,roof,Delayed,776,1
48,L2,sock,Regular,712,1
48,L2,sock,Delayed,716,1
48,L2,wall,Delayed,788,1
49,L2,coat,Regular,784,1
49,L2,coat,Delayed,1056,1
49,L2,doll,Regular,772,1
49,L2,doll,Delayed,574,1
49,L2,road,Regular,1159,1
49,L2,road,Delayed,193,1
49,L2,roof,Regular,1064,1
49,L2,sock,Regular,859,0
49,L2,wall,Regular,640,1
50,L2,coat,Regular,1169,1
50,L2,coat,Delayed,292,1
50,L2,doll,Regular,750,1
50,L2,doll,Delayed,326,1
50,L2,hat,Regular,779,0
50,L2,hat,Delayed,473,1
50,L2,heel,Regular,812,1
50,L2,heel,Delayed,324,1
50,L2,knife,Regular,777,1
50,L2,knife,Delayed,351,1
50,L2,leg,Regular,856,0
50,L2,road,Regular,888,1
50,L2,road,Delayed,511,1
50,L2,roof,Regular,824,1
50,L2,roof,Delayed,488,0
50,L2,sock,Regular,795,1
50,L2,sock,Delayed,216,1
50,L2,tire,Regular,1284,1
50,L2,tire,Delayed,280,1
50,L2,wall,Delayed,255,1
51,L2,coat,Regular,1200,1
51,L2,coat,Delayed,904,0
51,L2,doll,Regular,1240,1
51,L2,doll,Delayed,608,0
51,L2,heel,Regular,1413,1
51,L2,knife,Regular,824,1
51,L2,knife,Delayed,568,1
51,L2,leg,Regular,824,0
51,L2,leg,Delayed,528,1
51,L2,road,Regular,848,1
51,L2,road,Delayed,736,1
51,L2,roof,Regular,993,1
51,L2,roof,Delayed,624,1
51,L2,sock,Regular,1041,1
51,L2,wall,Regular,1032,1
51,L2,wall,Delayed,752,1
52,L1,coat,Regular,1353,1
52,L1,doll,Regular,699,1
52,L1,doll,Delayed,585,0
52,L1,heel,Regular,709,1
52,L1,heel,Delayed,520,1
52,L1,knife,Regular,657,1
52,L1,knife,Delayed,242,1
52,L1,leg,Regular,1077,1
52,L1,leg,Delayed,417,1
52,L1,road,Regular,1285,1
52,L1,road,Delayed,468,1
52,L1,roof,Regular,1131,1
52,L1,roof,Delayed,461,1
52,L1,sock,Regular,569,1
52,L1,sock,Delayed,343,1
52,L1,tire,Delayed,676,1
52,L1,wall,Regular,856,1
52,L1,wall,Delayed,250,1
53,L1,bag,Regular,770,1
53,L1,bag,Delayed,390,1
53,L1,doll,Regular,702,1
53,L1,doll,Delayed,513,1
53,L1,hat,Regular,1213,1
53,L1,hat,Delayed,250,1
53,L1,heel,Regular,668,0
53,L1,heel,Delayed,315,1
53,L1,knife,Regular,845,1
53,L1,knife,Delayed,364,1
53,L1,leg,Regular,112,1
53,L1,leg,Delayed,520,1
53,L1,road,Regular,651,1
53,L1,road,Delayed,281,1
53,L1,roof,Regular,911,1
53,L1,roof,Delayed,391,1
53,L1,sock,Regular,464,1
53,L1,sock,Delayed,469,1
53,L1,tire,Regular,714,1
53,L1,tire,Delayed,522,1
54,L1,bag,Delayed,265,1
54,L1,coat,Regular,876,1
54,L1,coat,Delayed,1094,1
54,L1,doll,Regular,611,1
54,L1,doll,Delayed,373,1
54,L1,hat,Regular,780,1
54,L1,heel,Regular,943,1
54,L1,heel,Delayed,445,1
54,L1,knife,Regular,393,1
54,L1,knife,Delayed,590,1
54,L1,leg,Regular,1322,1
54,L1,leg,Delayed,660,1
54,L1,road,Regular,776,1
54,L1,road,Delayed,530,1
54,L1,roof,Delayed,602,1
54,L1,sock,Regular,174,1
54,L1,sock,Delayed,545,1
54,L1,tire,Regular,514,1
54,L1,tire,Delayed,596,1
54,L1,wall,Regular,243,1
54,L1,wall,Delayed,442,1
55,L1,bag,Regular,1405,1
55,L1,coat,Regular,773,1
55,L1,doll,Regular,776,0
55,L1,heel,Regular,113,1
55,L1,heel,Delayed,649,1
55,L1,knife,Regular,1165,1
55,L1,knife,Delayed,521,1
55,L1,road,Regular,938,1
55,L1,road,Delayed,233,1
55,L1,roof,Regular,247,1
55,L1,roof,Delayed,678,1
55,L1,sock,Regular,539,1
55,L1,sock,Delayed,809,0
55,L1,wall,Regular,757,1
55,L1,wall,Delayed,200,1
56,L1,bag,Regular,906,1
56,L1,bag,Delayed,522,1
56,L1,coat,Regular,1143,1
56,L1,coat,Delayed,439,1
56,L1,doll,Regular,357,1
56,L1,hat,Regular,980,1
56,L1,hat,Delayed,663,1
56,L1,heel,Regular,937,1
56,L1,heel,Delayed,491,1
56,L1,knife,Regular,574,1
56,L1,leg,Regular,581,1
56,L1,leg,Delayed,583,1
56,L1,road,Regular,937,1
56,L1,road,Delayed,582,1
56,L1,sock,Regular,562,1
56,L1,sock,Delayed,349,1
56,L1,tire,Regular,705,1
56,L1,tire,Delayed,426,1
56,L1,wall,Regular,578,0
56,L1,wall,Delayed,1107,0
57,L1,bag,Regular,1191,1
57,L1,bag,Delayed,370,1
57,L1,doll,Regular,1350,1
57,L1,doll,Delayed,509,1
57,L1,heel,Regular,987,1
57,L1,heel,Delayed,338,1
57,L1,knife,Regular,695,1
57,L1,knife,Delayed,173,1
57,L1,leg,Regular,1009,1
57,L1,leg,Delayed,478,1
57,L1,road,Regular,912,1
57,L1,road,Delayed,503,1
57,L1,roof,Regular,908,1
57,L1,roof,Delayed,263,1
57,L1,sock,Regular,726,1
57,L1,sock,Delayed,421,1
57,L1,tire,Regular,937,1
57,L1,tire,Delayed,312,1
57,L1,wall,Regular,841,1
57,L1,wall,Delayed,499,1
58,L1,bag,Regular,1121,1
58,L1,coat,Regular,586,1
58,L1,coat,Delayed,610,1
58,L1,doll,Regular,1070,1
58,L1,doll,Delayed,796,1
58,L1,hat,Regular,771,1
58,L1,heel,Delayed,650,1
58,L1,knife,Regular,561,0
58,L1,knife,Delayed,363,1
58,L1,leg,Regular,1129,1
58,L1,leg,Delayed,447,1
58,L1,road,Regular,878,1
58,L1,roof,Regular,766,1
58,L1,roof,Delayed,450,1
58,L1,sock,Regular,471,1
58,L1,sock,Delayed,710,1
58,L1,wall,Regular,919,1
58,L1,wall,Delayed,711,1
59,L1,bag,Regular,889,1
59,L1,coat,Regular,791,1
59,L1,hat,Regular,448,1
59,L1,hat,Delayed,399,1
59,L1,heel,Regular,756,1
59,L1,heel,Delayed,252,1
59,L1,knife,Regular,739,0
59,L1,knife,Delayed,251,1
59,L1,road,Regular,714,1
59,L1,road,Delayed,278,1
59,L1,roof,Regular,677,1
59,L1,roof,Delayed,187,1
59,L1,sock,Regular,533,1
59,L1,sock,Delayed,175,1
59,L1,wall,Regular,715,1
59,L1,wall,Delayed,234,1
60,L1,bag,Regular,1036,0
60,L1,bag,Delayed,486,1
60,L1,coat,Regular,1405,1
60,L1,coat,Delayed,325,1
60,L1,doll,Delayed,421,1
60,L1,hat,Regular,679,1
60,L1,hat,Delayed,436,1
60,L1,heel,Delayed,432,1
60,L1,knife,Regular,654,1
60,L1,knife,Delayed,310,1
60,L1,road,Regular,760,1
60,L1,road,Delayed,429,1
60,L1,roof,Regular,868,0
60,L1,roof,Delayed,360,1
60,L1,sock,Regular,536,1
60,L1,sock,Delayed,202,1
60,L1,wall,Regular,706,0
60,L1,wall,Delayed,332,1
61,L1,bag,Regular,744,1
61,L1,bag,Delayed,695,1
61,L1,heel,Delayed,573,1
61,L1,knife,Regular,831,1
61,L1,knife,Delayed,411,1
61,L1,leg,Regular,1417,1
61,L1,leg,Delayed,744,1
61,L1,road,Regular,905,1
61,L1,road,Delayed,589,1
61,L1,roof,Regular,695,1
61,L1,roof,Delayed,533,1
61,L1,sock,Regular,677,1
61,L1,sock,Delayed,379,1
61,L1,wall,Regular,691,1
61,L1,wall,Delayed,492,1
62,L1,bag,Regular,951,1
62,L1,bag,Delayed,132,1
62,L1,coat,Delayed,393,1
62,L1,doll,Regular,874,1
62,L1,doll,Delayed,367,1
62,L1,hat,Regular,627,1
62,L1,hat,Delayed,407,1
62,L1,heel,Regular,763,1
62,L1,heel,Delayed,335,1
62,L1,knife,Regular,649,1
62,L1,knife,Delayed,328,1
62,L1,leg,Regular,661,1
62,L1,leg,Delayed,386,1
62,L1,road,Regular,755,1
62,L1,road,Delayed,356,1
62,L1,roof,Regular,781,1
62,L1,roof,Delayed,258,1
62,L1,sock,Regular,533,1
62,L1,sock,Delayed,233,1
62,L1,tire,Regular,636,1
62,L1,tire,Delayed,334,1
62,L1,wall,Regular,866,0
62,L1,wall,Delayed,350,1
63,L1,bag,Regular,1486,0
63,L1,bag,Delayed,709,1
63,L1,doll,Regular,1196,1
63,L1,doll,Delayed,647,1
63,L1,hat,Regular,1250,1
63,L1,hat,Delayed,512,1
63,L1,knife,Regular,791,0
63,L1,knife,Delayed,373,1
63,L1,leg,Regular,660,0
63,L1,leg,Delayed,555,1
63,L1,road,Regular,823,1
63,L1,road,Delayed,447,1
63,L1,roof,Regular,860,1
63,L1,roof,Delayed,608,1
63,L1,sock,Regular,675,1
63,L1,sock,Delayed,382,1
63,L1,tire,Regular,998,1
63,L1,tire,Delayed,637,1
63,L1,wall,Regular,811,1
63,L1,wall,Delayed,411,1
64,L1,doll,Regular,1264,1
64,L1,knife,Regular,543,1
64,L1,knife,Delayed,306,1
64,L1,leg,Regular,439,1
64,L1,leg,Delayed,342,1
64,L1,road,Regular,571,1
64,L1,road,Delayed,374,1
64,L1,roof,Regular,516,1
64,L1,roof,Delayed,357,1
64,L1,sock,Regular,472,1
64,L1,sock,Delayed,276,1
64,L1,tire,Regular,582,1
64,L1,tire,Delayed,261,1
64,L1,wall,Regular,654,1
64,L1,wall,Delayed,398,1
65,L1,bag,Regular,673,1
65,L1,bag,Delayed,391,1
65,L1,doll,Regular,670,0
65,L1,doll,Delayed,520,1
65,L1,hat,Regular,946,1
65,L1,hat,Delayed,377,1
65,L1,heel,Regular,649,1
65,L1,heel,Delayed,503,1
65,L1,knife,Regular,527,1
65,L1,knife,Delayed,386,1
65,L1,leg,Regular,567,1
65,L1,leg,Delayed,399,1
65,L1,road,Regular,704,1
65,L1,road,Delayed,443,1
65,L1,roof,Regular,682,1
65,L1,roof,Delayed,349,1
65,L1,sock,Regular,489,1
65,L1,sock,Delayed,381,1
65,L1,tire,Regular,600,1
65,L1,tire,Delayed,381,1
65,L1,wall,Regular,698,1
65,L1,wall,Delayed,374,1
66,L1,bag,Regular,812,0
66,L1,bag,Delayed,305,1
66,L1,coat,Regular,919,1
66,L1,doll,Regular,624,1
66,L1,doll,Delayed,319,1
66,L1,heel,Regular,549,1
66,L1,knife,Regular,512,1
66,L1,leg,Delayed,211,1
66,L1,road,Regular,663,1
66,L1,road,Delayed,226,1
66,L1,roof,Regular,608,1
66,L1,roof,Delayed,224,1
66,L1,sock,Regular,590,1
66,L1,sock,Delayed,197,1
66,L1,tire,Regular,706,1
66,L1,tire,Delayed,242,1
66,L1,wall,Regular,528,0
66,L1,wall,Delayed,353,1
67,L1,bag,Regular,768,0
67,L1,bag,Delayed,632,1
67,L1,coat,Regular,749,0
67,L1,coat,Delayed,306,1
67,L1,doll,Regular,726,1
67,L1,doll,Delayed,389,1
67,L1,heel,Regular,709,1
67,L1,knife,Regular,497,1
67,L1,knife,Delayed,209,1
67,L1,leg,Regular,779,1
67,L1,leg,Delayed,280,1
67,L1,road,Delayed,302,1
67,L1,roof,Delayed,247,1
67,L1,sock,Regular,520,1
67,L1,wall,Regular,814,1
67,L1,wall,Delayed,323,1
68,L1,bag,Regular,1078,0
68,L1,bag,Delayed,670,0
68,L1,coat,Regular,538,1
68,L1,coat,Delayed,1121,1
68,L1,doll,Regular,655,1
68,L1,doll,Delayed,792,1
68,L1,heel,Regular,601,1
68,L1,knife,Regular,419,1
68,L1,knife,Delayed,527,1
68,L1,leg,Regular,540,0
68,L1,leg,Delayed,867,1
68,L1,road,Regular,805,0
68,L1,road,Delayed,381,1
68,L1,roof,Regular,631,1
68,L1,roof,Delayed,302,1
68,L1,sock,Regular,616,1
68,L1,sock,Delayed,441,1
68,L1,tire,Regular,830,1
68,L1,tire,Delayed,661,1
68,L1,wall,Regular,825,1
68,L1,wall,Delayed,674,1
69,L1,bag,Regular,457,1
69,L1,bag,Delayed,322,1
69,L1,doll,Regular,690,1
69,L1,doll,Delayed,489,1
69,L1,heel,Regular,672,1
69,L1,heel,Delayed,563,1
69,L1,knife,Regular,481,1
69,L1,knife,Delayed,1566,1
69,L1,leg,Regular,415,1
69,L1,leg,Delayed,367,1
69,L1,road,Regular,627,1
69,L1,road,Delayed,268,1
69,L1,roof,Regular,457,1
69,L1,roof,Delayed,312,1
69,L1,sock,Regular,669,1
69,L1,sock,Delayed,372,1
69,L1,tire,Regular,732,1
69,L1,tire,Delayed,575,1
69,L1,wall,Regular,460,1
69,L1,wall,Delayed,288,1
70,L1,bag,Regular,1301,0
70,L1,bag,Delayed,374,1
70,L1,hat,Regular,570,1
70,L1,hat,Delayed,377,1
70,L1,knife,Regular,539,1
70,L1,knife,Delayed,378,0
70,L1,leg,Regular,794,1
70,L1,leg,Delayed,620,1
70,L1,road,Regular,697,1
70,L1,road,Delayed,453,1
70,L1,roof,Regular,800,1
70,L1,roof,Delayed,409,0
70,L1,sock,Regular,384,1
70,L1,sock,Delayed,243,1
70,L1,tire,Regular,782,1
70,L1,tire,Delayed,335,1
70,L1,wall,Regular,904,1
71,L1,doll,Regular,810,0
71,L1,doll,Delayed,210,1
71,L1,heel,Regular,683,1
71,L1,heel,Delayed,201,1
71,L1,knife,Regular,699,1
71,L1,leg,Regular,922,1
71,L1,leg,Delayed,516,1
71,L1,road,Regular,766,1
71,L1,roof,Regular,793,1
71,L1,roof,Delayed,207,1
71,L1,sock,Regular,621,1
71,L1,sock,Delayed,424,1
71,L1,tire,Regular,547,0
71,L1,tire,Delayed,348,0
71,L1,wall,Delayed,867,1
72,L1,bag,Regular,701,1
72,L1,bag,Delayed,224,1
72,L1,doll,Regular,797,1
72,L1,doll,Delayed,498,1
72,L1,heel,Regular,561,1
72,L1,heel,Delayed,278,1
72,L1,knife,Regular,642,1
72,L1,knife,Delayed,439,1
72,L1,leg,Regular,586,1
72,L1,leg,Delayed,473,1
72,L1,road,Regular,751,1
72,L1,road,Delayed,454,1
72,L1,roof,Regular,610,1
72,L1,roof,Delayed,409,1
72,L1,sock,Regular,536,1
72,L1,wall,Regular,731,1
72,L1,wall,Delayed,480,1
73,L1,bag,Regular,457,1
73,L1,bag,Delayed,445,1
73,L1,coat,Delayed,553,1
73,L1,doll,Regular,619,1
73,L1,doll,Delayed,468,1
73,L1,heel,Regular,110,1
73,L1,heel,Delayed,291,1
73,L1,knife,Regular,119,1
73,L1,leg,Regular,375,0
73,L1,leg,Delayed,181,1
73,L1,road,Regular,632,1
73,L1,road,Delayed,495,1
73,L1,roof,Delayed,451,1
73,L1,sock,Regular,409,1
73,L1,sock,Delayed,853,1
73,L1,tire,Regular,702,1
73,L1,tire,Delayed,403,1
73,L1,wall,Regular,518,1
73,L1,wall,Delayed,592,1
74,L1,bag,Regular,787,1
74,L1,bag,Delayed,321,1
74,L1,coat,Regular,673,0
74,L1,coat,Delayed,374,1
74,L1,doll,Regular,654,1
74,L1,doll,Delayed,757,1
74,L1,hat,Regular,560,1
74,L1,hat,Delayed,224,1
74,L1,heel,Regular,834,1
74,L1,heel,Delayed,351,0
74,L1,knife,Regular,498,1
74,L1,knife,Delayed,357,1
74,L1,leg,Regular,675,1
74,L1,leg,Delayed,277,1
74,L1,road,Regular,721,1
74,L1,road,Delayed,346,1
74,L1,roof,Regular,1196,1
74,L1,roof,Delayed,335,0
74,L1,sock,Regular,511,1
74,L1,sock,Delayed,276,1
74,L1,tire,Regular,937,1
74,L1,wall,Regular,854,0
74,L1,wall,Delayed,242,1
75,L1,bag,Regular,768,1
75,L1,doll,Regular,681,1
75,L1,doll,Delayed,321,1
75,L1,heel,Regular,422,0
75,L1,heel,Delayed,186,1
75,L1,knife,Regular,331,1
75,L1,knife,Delayed,232,1
75,L1,road,Regular,513,1
75,L1,road,Delayed,237,1
75,L1,roof,Regular,572,1
75,L1,roof,Delayed,402,1
75,L1,sock,Regular,511,1
75,L1,sock,Delayed,242,1
75,L1,tire,Regular,543,1
75,L1,tire,Delayed,231,1
75,L1,wall,Regular,595,1
75,L1,wall,Delayed,321,1
76,L1,coat,Regular,941,0
76,L1,coat,Delayed,864,1
76,L1,doll,Regular,864,1
76,L1,doll,Delayed,810,1
76,L1,heel,Regular,608,1
76,L1,heel,Delayed,807,1
76,L1,knife,Regular,690,1
76,L1,knife,Delayed,955,1
76,L1,leg,Regular,707,1
76,L1,leg,Delayed,809,1
76,L1,road,Regular,787,1
76,L1,road,Delayed,815,1
76,L1,roof,Regular,817,1
76,L1,roof,Delayed,664,1
76,L1,sock,Regular,668,1
76,L1,sock,Delayed,756,1
76,L1,tire,Regular,940,1
76,L1,tire,Delayed,640,1
76,L1,wall,Regular,892,1
76,L1,wall,Delayed,513,1
77,L1,bag,Regular,1008,1
77,L1,bag,Delayed,630,1
77,L1,coat,Regular,1035,0
77,L1,coat,Delayed,677,0
77,L1,doll,Regular,1044,1
77,L1,doll,Delayed,682,1
77,L1,hat,Regular,1225,1
77,L1,hat,Delayed,435,1
77,L1,heel,Regular,773,1
77,L1,heel,Delayed,505,1
77,L1,knife,Regular,518,1
77,L1,knife,Delayed,474,1
77,L1,road,Regular,732,1
77,L1,road,Delayed,614,1
77,L1,roof,Regular,735,1
77,L1,roof,Delayed,462,0
77,L1,sock,Regular,626,1
77,L1,sock,Delayed,674,1
77,L1,tire,Delayed,485,1
77,L1,wall,Regular,523,1
77,L1,wall,Delayed,457,1
78,L1,bag,Regular,860,1
78,L1,bag,Delayed,492,1
78,L1,doll,Regular,675,1
78,L1,doll,Delayed,362,1
78,L1,hat,Regular,1008,1
78,L1,heel,Regular,657,1
78,L1,heel,Delayed,330,1
78,L1,knife,Regular,168,1
78,L1,knife,Delayed,426,1
78,L1,leg,Regular,656,1
78,L1,leg,Delayed,391,1
78,L1,road,Regular,953,1
78,L1,road,Delayed,507,1
78,L1,roof,Regular,931,1
78,L1,roof,Delayed,431,1
78,L1,sock,Regular,632,1
78,L1,sock,Delayed,292,0
78,L1,tire,Delayed,572,1
78,L1,wall,Regular,766,1
79,L1,coat,Regular,895,1
79,L1,coat,Delayed,689,1
79,L1,doll,Regular,317,1
79,L1,doll,Delayed,318,1
79,L1,heel,Regular,437,1
79,L1,heel,Delayed,322,1
79,L1,knife,Regular,387,1
79,L1,knife,Delayed,418,1
79,L1,leg,Regular,674,1
79,L1,leg,Delayed,297,1
79,L1,road,Regular,824,1
79,L1,road,Delayed,278,1
79,L1,roof,Regular,812,1
79,L1,roof,Delayed,170,1
79,L1,sock,Regular,480,1
79,L1,sock,Delayed,177,1
79,L1,tire,Regular,490,1
79,L1,tire,Delayed,230,1
79,L1,wall,Regular,757,1
79,L1,wall,Delayed,246,1
80,L1,bag,Regular,1302,1
80,L1,bag,Delayed,895,1
80,L1,coat,Regular,1074,1
80,L1,coat,Delayed,864,1
80,L1,doll,Delayed,1010,1
80,L1,heel,Delayed,680,1
80,L1,knife,Regular,500,1
80,L1,knife,Delayed,660,1
80,L1,leg,Regular,1107,1
80,L1,leg,Delayed,780,1
80,L1,road,Regular,862,0
80,L1,road,Delayed,752,1
80,L1,roof,Regular,799,1
80,L1,roof,Delayed,558,1
80,L1,sock,Regular,599,1
80,L1,sock,Delayed,1035,1
80,L1,tire,Regular,1289,1
80,L1,tire,Delayed,890,1
80,L1,wall,Delayed,734,0
81,L1,bag,Delayed,863,1
81,L1,doll,Regular,1021,1
81,L1,doll,Delayed,1021,1
81,L1,heel,Regular,880,0
81,L1,heel,Delayed,436,1
81,L1,knife,Regular,349,1
81,L1,knife,Delayed,592,0
81,L1,leg,Regular,912,1
81,L1,leg,Delayed,700,1
81,L1,road,Regular,996,1
81,L1,road,Delayed,956,1
81,L1,roof,Regular,706,1
81,L1,roof,Delayed,880,1
81,L1,sock,Regular,886,1
81,L1,sock,Delayed,584,1
81,L1,tire,Regular,918,0
81,L1,tire,Delayed,559,1
81,L1,wall,Regular,1095,1
81,L1,wall,Delayed,733,1
82,L1,bag,Regular,1141,1
82,L1,bag,Delayed,554,1
82,L1,doll,Regular,883,1
82,L1,doll,Delayed,450,1
82,L1,heel,Regular,898,1
82,L1,heel,Delayed,677,1
82,L1,knife,Regular,638,1
82,L1,knife,Delayed,394,1
82,L1,leg,Regular,776,0
82,L1,leg,Delayed,415,1
82,L1,road,Regular,758,0
82,L1,road,Delayed,570,1
82,L1,roof,Regular,810,1
82,L1,roof,Delayed,512,1
82,L1,sock,Regular,613,1
82,L1,sock,Delayed,388,0
82,L1,tire,Regular,1029,1
82,L1,wall,Regular,1016,1
82,L1,wall,Delayed,378,1
83,L1,bag,Regular,749,1
83,L1,bag,Delayed,320,1
83,L1,doll,Delayed,454,1
83,L1,heel,Regular,859,1
83,L1,heel,Delayed,342,1
83,L1,knife,Regular,1109,1
83,L1,knife,Delayed,254,1
83,L1,leg,Delayed,361,0
83,L1,road,Regular,693,1
83,L1,road,Delayed,364,1
83,L1,roof,Regular,816,1
83,L1,roof,Delayed,307,1
83,L1,sock,Regular,414,1
83,L1,sock,Delayed,251,1
83,L1,tire,Delayed,282,1
83,L1,wall,Regular,657,1
83,L1,wall,Delayed,537,1
84,L1,bag,Regular,975,1
84,L1,bag,Delayed,483,1
84,L1,doll,Regular,641,1
84,L1,doll,Delayed,325,1
84,L1,heel,Regular,849,1
84,L1,heel,Delayed,435,1
84,L1,knife,Regular,658,1
84,L1,knife,Delayed,325,1
84,L1,leg,Regular,611,1
84,L1,leg,Delayed,410,1
84,L1,road,Regular,892,1
84,L1,road,Delayed,365,1
84,L1,roof,Regular,849,1
84,L1,roof,Delayed,487,1
84,L1,sock,Regular,544,1
84,L1,sock,Delayed,372,1
84,L1,wall,Regular,935,1
84,L1,wall,Delayed,871,1
85,L1,hat,Regular,796,1
85,L1,heel,Delayed,611,1
85,L1,knife,Regular,1031,1
85,L1,knife,Delayed,341,1
85,L1,leg,Delayed,676,1
85,L1,road,Regular,1014,1
85,L1,road,Delayed,922,1
85,L1,roof,Regular,983,1
85,L1,roof,Delayed,615,1
85,L1,sock,Regular,820,1
85,L1,sock,Delayed,493,1
85,L1,tire,Regular,936,1
85,L1,tire,Delayed,576,1
85,L1,wall,Delayed,610,1
86,L1,bag,Regular,599,1
86,L1,bag,Delayed,303,1
86,L1,coat,Delayed,380,1
86,L1,doll,Regular,720,1
86,L1,doll,Delayed,340,1
86,L1,hat,Regular,545,1
86,L1,hat,Delayed,269,1
86,L1,heel,Regular,649,1
86,L1,heel,Delayed,237,1
86,L1,knife,Regular,495,1
86,L1,knife,Delayed,173,1
86,L1,road,Regular,677,1
86,L1,road,Delayed,226,0
86,L1,roof,Regular,680,1
86,L1,roof,Delayed,320,1
86,L1,sock,Regular,470,1
86,L1,sock,Delayed,196,1
86,L1,tire,Regular,594,1
86,L1,tire,Delayed,254,1
86,L1,wall,Regular,553,1
86,L1,wall,Delayed,259,1
87,L1,bag,Regular,556,0
87,L1,coat,Regular,705,1
87,L1,coat,Delayed,815,1
87,L1,doll,Regular,648,1
87,L1,doll,Delayed,309,1
87,L1,heel,Regular,640,1
87,L1,heel,Delayed,619,1
87,L1,knife,Regular,577,1
87,L1,knife,Delayed,357,1
87,L1,leg,Regular,609,1
87,L1,leg,Delayed,584,1
87,L1,road,Regular,763,1
87,L1,road,Delayed,693,1
87,L1,roof,Regular,285,1
87,L1,roof,Delayed,295,1
87,L1,sock,Regular,482,0
87,L1,sock,Delayed,257,1
87,L1,tire,Regular,621,1
87,L1,tire,Delayed,287,1
87,L1,wall,Regular,686,1
87,L1,wall,Delayed,324,1
88,L1,bag,Regular,892,1
88,L1,bag,Delayed,486,1
88,L1,doll,Regular,612,1
88,L1,doll,Delayed,485,1
88,L1,knife,Regular,843,1
88,L1,knife,Delayed,897,1
88,L1,leg,Regular,671,1
88,L1,leg,Delayed,607,1
88,L1,road,Regular,567,1
88,L1,road,Delayed,585,1
88,L1,roof,Regular,768,1
88,L1,roof,Delayed,502,1
88,L1,sock,Regular,661,1
88,L1,tire,Regular,580,1
88,L1,tire,Delayed,376,1
88,L1,wall,Regular,786,0
88,L1,wall,Delayed,408,1
89,L1,bag,Regular,1000,1
89,L1,bag,Delayed,579,1
89,L1,doll,Regular,801,1
89,L1,doll,Delayed,705,1
89,L1,hat,Regular,780,1
89,L1,hat,Delayed,665,1
89,L1,heel,Regular,405,1
89,L1,knife,Regular,662,1
89,L1,road,Regular,927,1
89,L1,road,Delayed,701,1
89,L1,roof,Regular,416,1
89,L1,roof,Delayed,232,1
89,L1,sock,Regular,717,1
89,L1,sock,Delayed,519,1
89,L1,tire,Regular,853,1
89,L1,wall,Regular,153,1
89,L1,wall,Delayed,640,1
90,L1,bag,Regular,534,1
90,L1,bag,Delayed,265,1
90,L1,coat,Delayed,262,1
90,L1,doll,Regular,520,1
90,L1,doll,Delayed,150,1
90,L1,hat,Regular,571,1
90,L1,hat,Delayed,301,1
90,L1,heel,Regular,559,1
90,L1,heel,Delayed,163,1
90,L1,leg,Regular,384,1
90,L1,leg,Delayed,202,1
90,L1,road,Regular,699,1
90,L1,road,Delayed,229,1
90,L1,roof,Regular,426,1
90,L1,roof,Delayed,260,1
90,L1,sock,Regular,770,1
90,L1,sock,Delayed,273,1
90,L1,tire,Regular,737,1
90,L1,tire,Delayed,257,1
90,L1,wall,Regular,754,1
90,L1,wall,Delayed,379,1
91,L1,bag,Delayed,187,1
91,L1,doll,Regular,670,1
91,L1,doll,Delayed,546,1
91,L1,hat,Regular,928,1
91,L1,hat,Delayed,383,1
91,L1,heel,Regular,644,1
91,L1,heel,Delayed,389,1
91,L1,knife,Regular,437,1
91,L1,knife,Delayed,226,1
91,L1,road,Regular,425,1
91,L1,road,Delayed,414,1
91,L1,roof,Regular,339,1
91,L1,roof,Delayed,333,1
91,L1,sock,Regular,499,1
91,L1,tire,Regular,540,1
91,L1,tire,Delayed,352,1
91,L1,wall,Delayed,268,1
2,L2,cloud,Regular,720,1
2,L2,dress,Regular,672,1
2,L2,dress,Delayed,536,1
2,L2,horse,Regular,785,1
2,L2,horse,Delayed,431,1
2,L2,witch,Regular,971,1
2,L2,witch,Delayed,503,1
4,L2,dress,Regular,968,1
4,L2,dress,Delayed,376,1
4,L2,ghost,Regular,1293,0
4,L2,snail,Delayed,671,1
4,L2,witch,Regular,1072,1
5,L2,cloud,Regular,858,1
5,L2,dress,Regular,709,1
5,L2,dress,Delayed,408,1
5,L2,horse,Regular,694,1
5,L2,horse,Delayed,376,1
5,L2,plate,Regular,671,1
5,L2,plate,Delayed,358,1
5,L2,snail,Regular,895,1
5,L2,witch,Regular,740,1
6,L2,cloud,Regular,1177,1
6,L2,dress,Regular,975,1
6,L2,dress,Delayed,489,1
6,L2,ghost,Regular,913,1
6,L2,ghost,Delayed,775,0
6,L2,horse,Regular,658,1
6,L2,horse,Delayed,343,0
6,L2,plate,Regular,1008,1
6,L2,plate,Delayed,528,1
6,L2,witch,Regular,754,1
6,L2,witch,Delayed,648,1
7,L2,dress,Regular,1592,1
7,L2,ghost,Regular,1384,1
7,L2,ghost,Delayed,328,0
7,L2,horse,Delayed,640,1
7,L2,plate,Delayed,1344,1
7,L2,witch,Regular,1087,1
7,L2,witch,Delayed,384,1
11,L2,cloud,Delayed,380,1
11,L2,dress,Regular,1112,0
11,L2,dress,Delayed,262,1
11,L2,ghost,Regular,1147,1
11,L2,ghost,Delayed,239,1
11,L2,horse,Regular,1114,1
11,L2,horse,Delayed,318,1
11,L2,snail,Regular,1440,1
11,L2,snail,Delayed,231,1
11,L2,witch,Regular,1000,1
11,L2,witch,Delayed,295,1
12,L2,cloud,Regular,1032,1
12,L2,cloud,Delayed,520,1
12,L2,dress,Regular,992,1
12,L2,dress,Delayed,655,1
12,L2,horse,Regular,968,0
12,L2,horse,Delayed,433,1
12,L2,plate,Delayed,1016,1
12,L2,witch,Regular,968,1
12,L2,witch,Delayed,455,0
13,L2,dress,Regular,1359,1
13,L2,dress,Delayed,366,1
13,L2,horse,Regular,1507,1
13,L2,horse,Delayed,618,1
13,L2,plate,Regular,976,1
13,L2,plate,Delayed,464,1
13,L2,witch,Regular,772,1
13,L2,witch,Delayed,356,1
15,L2,cloud,Regular,1028,0
15,L2,cloud,Delayed,281,0
15,L2,dress,Delayed,306,1
15,L2,ghost,Regular,1153,1
15,L2,ghost,Delayed,256,1
15,L2,horse,Regular,705,0
15,L2,horse,Delayed,232,1
15,L2,plate,Regular,926,1
15,L2,plate,Delayed,268,1
15,L2,snail,Regular,584,0
15,L2,witch,Regular,1011,1
15,L2,witch,Delayed,330,1
16,L2,cloud,Regular,1607,0
16,L2,cloud,Delayed,728,1
16,L2,dress,Regular,1199,1
16,L2,dress,Delayed,464,1
16,L2,horse,Regular,857,1
16,L2,horse,Delayed,416,1
16,L2,shirt,Regular,982,1
16,L2,shirt,Delayed,385,1
16,L2,witch,Regular,1240,0
16,L2,witch,Delayed,464,1
17,L2,dress,Regular,984,0
17,L2,dress,Delayed,992,1
17,L2,ghost,Delayed,784,1
17,L2,horse,Regular,664,1
17,L2,horse,Delayed,536,1
17,L2,plate,Regular,784,1
17,L2,plate,Delayed,387,1
17,L2,witch,Regular,992,1
17,L2,witch,Delayed,392,1
18,L2,cloud,Regular,1088,1
18,L2,cloud,Delayed,400,0
18,L2,dress,Regular,820,0
18,L2,dress,Delayed,395,1
18,L2,ghost,Regular,1112,1
18,L2,ghost,Delayed,312,1
18,L2,horse,Regular,649,1
18,L2,horse,Delayed,312,1
18,L2,plate,Delayed,343,1
18,L2,witch,Regular,816,1
18,L2,witch,Delayed,376,1
19,L2,cloud,Regular,420,1
19,L2,cloud,Delayed,353,1
19,L2,dress,Regular,759,0
19,L2,dress,Delayed,420,1
19,L2,ghost,Regular,787,1
19,L2,ghost,Delayed,447,1
19,L2,horse,Regular,541,1
19,L2,horse,Delayed,437,1
19,L2,snail,Regular,557,1
19,L2,snail,Delayed,401,1
19,L2,witch,Regular,528,1
19,L2,witch,Delayed,416,1
20,L2,cloud,Regular,752,1
20,L2,cloud,Delayed,353,1
20,L2,dress,Regular,1272,1
20,L2,dress,Delayed,248,1
20,L2,ghost,Regular,856,1
20,L2,ghost,Delayed,428,1
20,L2,horse,Regular,864,1
20,L2,horse,Delayed,368,1
20,L2,witch,Regular,1124,1
20,L2,witch,Delayed,416,1
21,L2,horse,Delayed,360,1
21,L2,witch,Regular,1432,0
21,L2,witch,Delayed,368,1
22,L2,dress,Delayed,336,1
22,L2,ghost,Delayed,373,1
22,L2,horse,Regular,952,1
22,L2,horse,Delayed,344,1
22,L2,witch,Delayed,350,1
24,L2,cloud,Regular,832,1
24,L2,cloud,Delayed,235,1
24,L2,dress,Regular,962,1
24,L2,dress,Delayed,202,1
24,L2,ghost,Regular,1048,0
24,L2,ghost,Delayed,503,1
24,L2,horse,Regular,848,1
24,L2,horse,Delayed,280,1
24,L2,plate,Delayed,216,1
24,L2,witch,Regular,816,1
24,L2,witch,Delayed,264,1
25,L2,cloud,Regular,680,1
25,L2,cloud,Delayed,432,1
25,L2,dress,Regular,832,1
25,L2,dress,Delayed,376,1
25,L2,ghost,Regular,712,1
25,L2,ghost,Delayed,312,1
25,L2,horse,Regular,576,1
25,L2,horse,Delayed,424,1
25,L2,plate,Regular,639,1
25,L2,plate,Delayed,424,1
25,L2,snail,Regular,512,1
25,L2,snail,Delayed,264,1
25,L2,witch,Regular,680,1
25,L2,witch,Delayed,312,1
26,L2,ghost,Delayed,1448,1
26,L2,horse,Regular,665,1
26,L2,horse,Delayed,258,1
27,L2,cloud,Regular,1104,1
27,L2,cloud,Delayed,720,1
27,L2,ghost,Delayed,1026,1
28,L2,dress,Delayed,684,1
28,L2,ghost,Regular,728,1
28,L2,ghost,Delayed,504,1
28,L2,horse,Regular,679,1
28,L2,horse,Delayed,480,1
28,L2,plate,Regular,967,1
28,L2,plate,Delayed,493,0
28,L2,witch,Regular,875,0
28,L2,witch,Delayed,992,1
29,L2,cloud,Regular,856,1
29,L2,cloud,Delayed,1520,1
29,L2,dress,Regular,638,1
29,L2,dress,Delayed,395,1
29,L2,horse,Regular,616,1
29,L2,horse,Delayed,344,1
29,L2,plate,Regular,1616,1
29,L2,plate,Delayed,1344,1
30,L2,cloud,Regular,650,1
30,L2,cloud,Delayed,456,1
30,L2,dress,Regular,904,1
30,L2,dress,Delayed,583,1
30,L2,ghost,Regular,1074,1
30,L2,horse,Regular,652,1
30,L2,horse,Delayed,497,1
30,L2,plate,Delayed,522,1
30,L2,shirt,Regular,1032,1
30,L2,snail,Regular,636,1
30,L2,snail,Delayed,413,1
30,L2,witch,Regular,952,1
30,L2,witch,Delayed,352,1
31,L2,plate,Delayed,530,1
31,L2,plug,Delayed,860,1
32,L2,cloud,Regular,944,1
32,L2,cloud,Delayed,456,1
32,L2,horse,Regular,816,1
32,L2,horse,Delayed,384,1
32,L2,plate,Regular,1000,1
32,L2,plate,Delayed,528,1
32,L2,snail,Delayed,536,1
32,L2,stool,Regular,1061,1
32,L2,stool,Delayed,418,1
32,L2,witch,Regular,1464,0
32,L2,witch,Delayed,392,1
33,L2,cloud,Regular,807,1
33,L2,cloud,Delayed,526,1
33,L2,dress,Regular,1160,1
33,L2,dress,Delayed,393,1
33,L2,ghost,Regular,976,1
33,L2,ghost,Delayed,856,1
33,L2,horse,Regular,789,1
33,L2,plate,Delayed,945,1
33,L2,shirt,Regular,896,1
33,L2,shirt,Delayed,336,1
33,L2,witch,Regular,1488,1
33,L2,witch,Delayed,560,1
34,L2,cloud,Regular,1101,1
34,L2,cloud,Delayed,353,1
34,L2,dress,Regular,1220,0
34,L2,dress,Delayed,424,1
34,L2,ghost,Regular,1056,1
34,L2,ghost,Delayed,189,1
34,L2,horse,Regular,764,1
34,L2,horse,Delayed,333,1
34,L2,plate,Delayed,418,1
34,L2,snail,Delayed,337,1
34,L2,witch,Regular,1049,1
34,L2,witch,Delayed,293,0
35,L2,cloud,Regular,936,1
35,L2,cloud,Delayed,518,1
35,L2,dress,Delayed,928,1
35,L2,ghost,Regular,1336,1
35,L2,ghost,Delayed,443,1
35,L2,horse,Regular,859,1
35,L2,horse,Delayed,400,1
35,L2,plate,Regular,1160,1
35,L2,plate,Delayed,488,1
35,L2,shirt,Delayed,280,1
35,L2,snail,Regular,1096,1
35,L2,snail,Delayed,296,1
35,L2,stool,Delayed,208,1
35,L2,witch,Regular,1272,1
35,L2,witch,Delayed,392,1
36,L2,cloud,Regular,1020,1
36,L2,cloud,Delayed,384,1
36,L2,dress,Regular,1008,1
36,L2,dress,Delayed,624,1
36,L2,ghost,Regular,1016,0
36,L2,ghost,Delayed,424,1
36,L2,horse,Regular,760,1
36,L2,horse,Delayed,440,1
36,L2,plate,Regular,1305,1
36,L2,plate,Delayed,472,1
36,L2,snail,Delayed,312,1
36,L2,witch,Delayed,608,1
37,L2,cloud,Regular,568,0
37,L2,cloud,Delayed,416,1
37,L2,dress,Regular,752,1
37,L2,dress,Delayed,584,1
37,L2,ghost,Regular,984,1
37,L2,horse,Regular,1144,0
37,L2,horse,Delayed,408,1
37,L2,plate,Regular,968,0
37,L2,plate,Delayed,376,1
37,L2,witch,Regular,616,1
37,L2,witch,Delayed,584,1
38,L2,cloud,Regular,792,1
38,L2,cloud,Delayed,816,1
38,L2,dress,Regular,1005,0
38,L2,dress,Delayed,792,1
38,L2,ghost,Regular,1032,1
38,L2,ghost,Delayed,680,1
38,L2,horse,Regular,736,1
38,L2,horse,Delayed,580,1
38,L2,plate,Regular,1003,1
38,L2,plate,Delayed,664,1
38,L2,snail,Regular,880,0
38,L2,snail,Delayed,552,1
38,L2,witch,Regular,709,1
38,L2,witch,Delayed,632,1
39,L2,cloud,Delayed,601,1
39,L2,dress,Delayed,541,1
39,L2,ghost,Delayed,545,1
39,L2,horse,Regular,1028,1
39,L2,plate,Delayed,352,1
39,L2,shirt,Delayed,792,0
39,L2,witch,Regular,1355,0
39,L2,witch,Delayed,568,1
40,L2,cloud,Delayed,896,1
40,L2,dress,Regular,896,0
40,L2,dress,Delayed,366,1
40,L2,ghost,Regular,759,1
40,L2,ghost,Delayed,344,1
40,L2,horse,Regular,928,1
40,L2,horse,Delayed,816,1
40,L2,plate,Regular,951,1
40,L2,plate,Delayed,304,1
40,L2,snail,Regular,837,1
40,L2,snail,Delayed,344,1
40,L2,witch,Regular,903,1
40,L2,witch,Delayed,472,1
41,L2,cloud,Regular,784,1
41,L2,dress,Regular,680,0
41,L2,dress,Delayed,274,1
41,L2,horse,Regular,689,1
41,L2,horse,Delayed,416,1
41,L2,plate,Regular,699,0
41,L2,plate,Delayed,428,1
41,L2,snail,Regular,760,1
41,L2,snail,Delayed,243,1
41,L2,witch,Regular,688,1
41,L2,witch,Delayed,360,1
42,L2,cloud,Delayed,312,1
42,L2,dress,Regular,768,1
42,L2,dress,Delayed,358,1
42,L2,ghost,Regular,1001,0
42,L2,ghost,Delayed,220,1
42,L2,horse,Regular,824,1
42,L2,horse,Delayed,343,1
42,L2,plate,Regular,945,1
42,L2,plate,Delayed,272,1
42,L2,shirt,Delayed,1088,1
42,L2,witch,Regular,822,1
42,L2,witch,Delayed,240,1
43,L2,cloud,Regular,826,1
43,L2,cloud,Delayed,277,1
43,L2,dress,Delayed,316,1
43,L2,horse,Regular,629,1
43,L2,horse,Delayed,224,1
43,L2,plate,Regular,904,1
43,L2,plate,Delayed,1031,1
43,L2,witch,Regular,680,0
43,L2,witch,Delayed,352,1
44,L2,cloud,Regular,687,1
44,L2,cloud,Delayed,478,1
44,L2,dress,Regular,1032,1
44,L2,dress,Delayed,256,1
44,L2,ghost,Regular,1034,0
44,L2,ghost,Delayed,392,1
44,L2,horse,Regular,793,0
44,L2,plate,Regular,928,1
44,L2,shirt,Regular,755,0
44,L2,witch,Regular,928,0
44,L2,witch,Delayed,744,0
46,L2,cloud,Delayed,415,1
46,L2,dress,Delayed,425,1
46,L2,horse,Regular,936,1
46,L2,horse,Delayed,468,1
46,L2,plate,Delayed,377,1
46,L2,witch,Delayed,544,1
48,L2,cloud,Regular,1123,1
48,L2,cloud,Delayed,567,1
48,L2,dress,Regular,1422,1
48,L2,dress,Delayed,1192,1
48,L2,ghost,Regular,764,1
48,L2,horse,Regular,1016,0
48,L2,horse,Delayed,895,1
48,L2,plate,Regular,1160,1
48,L2,plate,Delayed,801,0
48,L2,shirt,Delayed,456,1
48,L2,snail,Delayed,614,1
48,L2,witch,Regular,896,1
48,L2,witch,Delayed,737,1
49,L2,dress,Regular,897,1
49,L2,dress,Delayed,945,1
49,L2,horse,Regular,845,0
49,L2,horse,Delayed,229,1
49,L2,witch,Regular,888,1
49,L2,witch,Delayed,304,1
50,L2,cloud,Regular,704,1
50,L2,cloud,Delayed,319,1
50,L2,dress,Regular,793,1
50,L2,dress,Delayed,301,1
50,L2,ghost,Regular,712,1
50,L2,ghost,Delayed,353,1
50,L2,horse,Regular,706,1
50,L2,horse,Delayed,461,1
50,L2,plate,Regular,895,1
50,L2,plate,Delayed,290,1
50,L2,snail,Regular,1124,1
50,L2,snail,Delayed,207,1
50,L2,stool,Regular,748,1
50,L2,stool,Delayed,274,1
50,L2,witch,Regular,791,1
50,L2,witch,Delayed,226,1
51,L2,cloud,Regular,896,0
51,L2,cloud,Delayed,495,1
51,L2,dress,Delayed,464,1
51,L2,ghost,Delayed,800,1
51,L2,horse,Regular,744,1
51,L2,witch,Regular,840,1
51,L2,witch,Delayed,720,1
52,L1,cloud,Regular,724,1
52,L1,cloud,Delayed,410,1
52,L1,dress,Regular,652,1
52,L1,dress,Delayed,530,1
52,L1,ghost,Regular,645,1
52,L1,ghost,Delayed,459,1
52,L1,horse,Regular,637,1
52,L1,horse,Delayed,722,1
52,L1,plate,Regular,735,0
52,L1,plate,Delayed,453,1
52,L1,plug,Delayed,699,1
52,L1,shirt,Regular,712,1
52,L1,shirt,Delayed,468,1
52,L1,snail,Regular,558,1
52,L1,snail,Delayed,325,1
52,L1,stool,Regular,922,1
52,L1,stool,Delayed,415,1
52,L1,witch,Regular,789,1
52,L1,witch,Delayed,663,1
53,L1,cloud,Regular,525,0
53,L1,cloud,Delayed,331,1
53,L1,dress,Regular,787,1
53,L1,dress,Delayed,408,0
53,L1,ghost,Regular,772,1
53,L1,ghost,Delayed,509,1
53,L1,horse,Regular,659,1
53,L1,horse,Delayed,515,1
53,L1,plate,Regular,730,1
53,L1,plate,Delayed,584,1
53,L1,snail,Regular,595,1
53,L1,snail,Delayed,545,0
53,L1,stool,Regular,580,1
53,L1,stool,Delayed,453,1
53,L1,witch,Regular,1014,0
53,L1,witch,Delayed,452,1
54,L1,cloud,Regular,520,1
54,L1,cloud,Delayed,776,1
54,L1,dress,Regular,618,1
54,L1,ghost,Regular,843,1
54,L1,ghost,Delayed,680,1
54,L1,horse,Regular,882,1
54,L1,horse,Delayed,680,1
54,L1,plate,Regular,886,1
54,L1,plate,Delayed,700,1
54,L1,shirt,Regular,782,1
54,L1,shirt,Delayed,585,1
54,L1,snail,Regular,1311,1
54,L1,snail,Delayed,741,1
54,L1,stool,Regular,812,1
54,L1,stool,Delayed,431,1
54,L1,witch,Regular,768,1
54,L1,witch,Delayed,921,1
55,L1,cloud,Regular,417,1
55,L1,cloud,Delayed,600,1
55,L1,dress,Regular,599,1
55,L1,dress,Delayed,728,1
55,L1,ghost,Regular,864,1
55,L1,ghost,Delayed,751,1
55,L1,horse,Regular,739,1
55,L1,horse,Delayed,696,1
55,L1,plate,Delayed,839,1
55,L1,shirt,Regular,1012,1
55,L1,shirt,Delayed,619,1
55,L1,snail,Regular,751,1
55,L1,snail,Delayed,926,1
55,L1,stool,Regular,755,1
55,L1,stool,Delayed,458,1
55,L1,witch,Regular,952,1
55,L1,witch,Delayed,1113,1
56,L1,cloud,Regular,730,1
56,L1,cloud,Delayed,531,1
56,L1,dress,Regular,684,1
56,L1,dress,Delayed,741,1
56,L1,ghost,Regular,628,0
56,L1,ghost,Delayed,570,1
56,L1,horse,Regular,635,1
56,L1,horse,Delayed,376,1
56,L1,plate,Delayed,512,1
56,L1,plug,Delayed,573,1
56,L1,shirt,Regular,941,1
56,L1,shirt,Delayed,351,1
56,L1,snail,Regular,528,1
56,L1,snail,Delayed,462,1
56,L1,stool,Regular,718,1
56,L1,stool,Delayed,378,1
57,L1,cloud,Regular,1025,1
57,L1,cloud,Delayed,702,1
57,L1,dress,Regular,959,1
57,L1,dress,Delayed,616,1
57,L1,ghost,Regular,933,1
57,L1,ghost,Delayed,542,1
57,L1,horse,Regular,842,1
57,L1,horse,Delayed,480,1
57,L1,plate,Regular,1078,1
57,L1,plate,Delayed,431,1
57,L1,plug,Delayed,591,1
57,L1,snail,Regular,914,1
57,L1,snail,Delayed,272,1
57,L1,stool,Regular,943,1
57,L1,stool,Delayed,823,1
57,L1,witch,Regular,1197,0
57,L1,witch,Delayed,792,1
58,L1,cloud,Regular,730,1
58,L1,cloud,Delayed,513,1
58,L1,dress,Regular,494,1
58,L1,dress,Delayed,878,1
58,L1,ghost,Regular,849,0
58,L1,ghost,Delayed,647,1
58,L1,horse,Regular,596,1
58,L1,horse,Delayed,735,1
58,L1,plate,Regular,652,1
58,L1,plate,Delayed,652,1
58,L1,plug,Regular,877,1
58,L1,plug,Delayed,615,0
58,L1,shirt,Regular,811,1
58,L1,shirt,Delayed,452,1
58,L1,snail,Regular,643,1
58,L1,snail,Delayed,574,1
58,L1,stool,Regular,647,1
58,L1,stool,Delayed,646,1
58,L1,witch,Regular,821,1
58,L1,witch,Delayed,543,1
59,L1,cloud,Regular,528,1
59,L1,cloud,Delayed,212,1
59,L1,dress,Regular,823,1
59,L1,dress,Delayed,357,1
59,L1,ghost,Regular,636,1
59,L1,ghost,Delayed,284,1
59,L1,horse,Regular,556,1
59,L1,horse,Delayed,290,1
59,L1,plate,Regular,560,0
59,L1,plate,Delayed,409,1
59,L1,plug,Regular,945,1
59,L1,plug,Delayed,255,1
59,L1,shirt,Regular,809,0
59,L1,shirt,Delayed,293,1
59,L1,snail,Regular,476,1
59,L1,snail,Delayed,237,1
59,L1,stool,Regular,486,1
59,L1,stool,Delayed,255,1
59,L1,witch,Regular,1125,1
59,L1,witch,Delayed,388,1
60,L1,cloud,Regular,931,1
60,L1,cloud,Delayed,379,1
60,L1,dress,Regular,666,1
60,L1,dress,Delayed,340,1
60,L1,ghost,Regular,670,1
60,L1,ghost,Delayed,338,1
60,L1,horse,Regular,622,1
60,L1,horse,Delayed,471,1
60,L1,plate,Regular,666,1
60,L1,plate,Delayed,508,1
60,L1,plug,Delayed,401,1
60,L1,shirt,Regular,721,1
60,L1,shirt,Delayed,340,1
60,L1,snail,Regular,591,1
60,L1,snail,Delayed,372,1
60,L1,stool,Regular,832,1
60,L1,stool,Delayed,271,1
60,L1,witch,Regular,825,0
60,L1,witch,Delayed,404,1
61,L1,cloud,Regular,1241,0
61,L1,cloud,Delayed,724,1
61,L1,dress,Regular,834,1
61,L1,dress,Delayed,514,1
61,L1,ghost,Regular,621,1
61,L1,ghost,Delayed,717,1
61,L1,horse,Regular,679,1
61,L1,horse,Delayed,514,1
61,L1,plate,Regular,834,1
61,L1,plate,Delayed,518,1
61,L1,plug,Regular,1693,1
61,L1,plug,Delayed,580,1
61,L1,shirt,Regular,1105,1
61,L1,shirt,Delayed,885,1
61,L1,snail,Regular,592,1
61,L1,snail,Delayed,262,1
61,L1,stool,Regular,553,1
61,L1,stool,Delayed,226,1
61,L1,witch,Regular,879,1
61,L1,witch,Delayed,591,1
62,L1,cloud,Regular,629,1
62,L1,cloud,Delayed,346,0
62,L1,dress,Regular,519,1
62,L1,dress,Delayed,383,1
62,L1,ghost,Regular,625,1
62,L1,ghost,Delayed,411,1
62,L1,horse,Regular,528,1
62,L1,horse,Delayed,291,1
62,L1,plate,Regular,534,1
62,L1,plate,Delayed,330,1
62,L1,plug,Regular,800,1
62,L1,plug,Delayed,470,1
62,L1,shirt,Delayed,291,1
62,L1,snail,Regular,505,1
62,L1,snail,Delayed,326,1
62,L1,stool,Regular,467,1
62,L1,stool,Delayed,271,0
62,L1,witch,Regular,718,1
62,L1,witch,Delayed,345,1
63,L1,cloud,Regular,1043,0
63,L1,cloud,Delayed,642,1
63,L1,dress,Regular,902,0
63,L1,dress,Delayed,670,1
63,L1,ghost,Regular,988,1
63,L1,ghost,Delayed,662,1
63,L1,horse,Regular,778,1
63,L1,horse,Delayed,648,1
63,L1,plate,Regular,960,1
63,L1,plate,Delayed,740,1
63,L1,plug,Regular,1370,1
63,L1,plug,Delayed,610,1
63,L1,shirt,Delayed,561,1
63,L1,snail,Regular,562,1
63,L1,snail,Delayed,553,1
63,L1,stool,Regular,1052,1
63,L1,stool,Delayed,879,1
63,L1,witch,Regular,1335,1
63,L1,witch,Delayed,808,1
64,L1,cloud,Regular,510,1
64,L1,dress,Regular,602,1
64,L1,dress,Delayed,416,1
64,L1,ghost,Regular,461,1
64,L1,ghost,Delayed,636,1
64,L1,horse,Regular,534,1
64,L1,horse,Delayed,671,1
64,L1,plug,Regular,585,1
64,L1,plug,Delayed,375,1
64,L1,shirt,Regular,547,1
64,L1,shirt,Delayed,1547,1
64,L1,snail,Regular,513,1
64,L1,snail,Delayed,304,1
64,L1,stool,Regular,958,1
64,L1,stool,Delayed,437,1
64,L1,witch,Regular,621,1
65,L1,cloud,Regular,663,0
65,L1,cloud,Delayed,457,1
65,L1,dress,Regular,649,1
65,L1,dress,Delayed,471,1
65,L1,ghost,Regular,579,1
65,L1,ghost,Delayed,378,1
65,L1,horse,Regular,660,1
65,L1,horse,Delayed,460,1
65,L1,plate,Regular,688,1
65,L1,plate,Delayed,538,1
65,L1,plug,Regular,624,1
65,L1,plug,Delayed,551,1
65,L1,shirt,Regular,628,1
65,L1,shirt,Delayed,311,1
65,L1,snail,Regular,585,1
65,L1,snail,Delayed,291,1
65,L1,stool,Regular,571,1
65,L1,stool,Delayed,310,1
65,L1,witch,Regular,536,1
65,L1,witch,Delayed,489,1
66,L1,cloud,Regular,650,0
66,L1,cloud,Delayed,475,1
66,L1,dress,Regular,553,1
66,L1,dress,Delayed,221,1
66,L1,ghost,Regular,602,1
66,L1,ghost,Delayed,378,1
66,L1,horse,Regular,827,1
66,L1,horse,Delayed,349,1
66,L1,plate,Regular,664,1
66,L1,plate,Delayed,382,1
66,L1,plug,Regular,555,1
66,L1,plug,Delayed,313,1
66,L1,shirt,Regular,822,1
66,L1,shirt,Delayed,235,1
66,L1,snail,Regular,450,1
66,L1,snail,Delayed,291,1
66,L1,stool,Regular,580,1
66,L1,stool,Delayed,447,1
66,L1,witch,Regular,571,1
66,L1,witch,Delayed,319,1
67,L1,cloud,Regular,499,1
67,L1,cloud,Delayed,322,1
67,L1,dress,Delayed,530,1
67,L1,ghost,Regular,664,1
67,L1,ghost,Delayed,375,1
67,L1,horse,Regular,549,1
67,L1,horse,Delayed,590,1
67,L1,plate,Regular,746,1
67,L1,plate,Delayed,309,1
67,L1,shirt,Regular,683,1
67,L1,shirt,Delayed,378,1
67,L1,snail,Regular,497,1
67,L1,stool,Regular,594,1
67,L1,witch,Regular,656,1
67,L1,witch,Delayed,537,1
68,L1,dress,Regular,581,1
68,L1,dress,Delayed,917,1
68,L1,ghost,Regular,666,1
68,L1,ghost,Delayed,962,1
68,L1,horse,Regular,721,1
68,L1,horse,Delayed,876,1
68,L1,plate,Regular,642,1
68,L1,plate,Delayed,725,1
68,L1,plug,Regular,647,1
68,L1,shirt,Regular,549,1
68,L1,shirt,Delayed,1007,1
68,L1,snail,Regular,617,1
68,L1,snail,Delayed,626,1
68,L1,stool,Regular,558,1
68,L1,stool,Delayed,710,1
68,L1,witch,Regular,685,1
68,L1,witch,Delayed,948,1
69,L1,cloud,Regular,616,1
69,L1,cloud,Delayed,797,1
69,L1,dress,Regular,783,1
69,L1,dress,Delayed,539,1
69,L1,ghost,Delayed,440,1
69,L1,horse,Regular,998,1
69,L1,horse,Delayed,366,0
69,L1,plate,Regular,683,1
69,L1,plate,Delayed,383,1
69,L1,plug,Regular,518,1
69,L1,plug,Delayed,117,1
69,L1,shirt,Regular,572,1
69,L1,shirt,Delayed,397,1
69,L1,snail,Regular,683,1
69,L1,snail,Delayed,391,1
69,L1,stool,Regular,652,1
69,L1,stool,Delayed,440,1
69,L1,witch,Regular,567,1
69,L1,witch,Delayed,489,1
70,L1,cloud,Regular,439,1
70,L1,cloud,Delayed,349,1
70,L1,dress,Regular,553,1
70,L1,dress,Delayed,387,1
70,L1,ghost,Regular,594,1
70,L1,ghost,Delayed,311,1
70,L1,horse,Regular,570,1
70,L1,horse,Delayed,462,1
70,L1,plate,Regular,695,1
70,L1,plate,Delayed,565,1
70,L1,shirt,Regular,549,1
70,L1,shirt,Delayed,352,1
70,L1,snail,Regular,448,1
70,L1,snail,Delayed,312,1
70,L1,stool,Regular,504,0
70,L1,stool,Delayed,263,1
70,L1,witch,Regular,585,0
70,L1,witch,Delayed,345,1
71,L1,cloud,Regular,786,1
71,L1,cloud,Delayed,513,1
71,L1,dress,Regular,802,1
71,L1,dress,Delayed,605,1
71,L1,ghost,Regular,739,1
71,L1,ghost,Delayed,588,1
71,L1,horse,Regular,738,1
71,L1,horse,Delayed,431,1
71,L1,plate,Regular,1047,1
71,L1,plate,Delayed,579,1
71,L1,plug,Regular,652,1
71,L1,plug,Delayed,359,1
71,L1,shirt,Regular,795,1
71,L1,shirt,Delayed,394,1
71,L1,snail,Regular,883,1
71,L1,snail,Delayed,409,1
71,L1,stool,Regular,779,1
71,L1,stool,Delayed,523,1
71,L1,witch,Regular,815,1
71,L1,witch,Delayed,368,1
72,L1,cloud,Regular,799,1
72,L1,cloud,Delayed,464,1
72,L1,dress,Regular,621,1
72,L1,dress,Delayed,449,1
72,L1,ghost,Regular,200,1
72,L1,ghost,Delayed,485,1
72,L1,horse,Regular,609,1
72,L1,horse,Delayed,533,1
72,L1,plate,Regular,833,1
72,L1,plate,Delayed,336,1
72,L1,plug,Delayed,404,1
72,L1,shirt,Regular,678,1
72,L1,shirt,Delayed,540,1
72,L1,snail,Regular,583,1
72,L1,snail,Delayed,386,1
72,L1,stool,Regular,584,1
72,L1,stool,Delayed,294,1
72,L1,witch,Regular,665,1
72,L1,witch,Delayed,584,1
73,L1,cloud,Regular,536,1
73,L1,cloud,Delayed,174,1
73,L1,dress,Regular,440,1
73,L1,dress,Delayed,405,1
73,L1,ghost,Regular,525,1
73,L1,ghost,Delayed,545,1
73,L1,horse,Regular,621,1
73,L1,horse,Delayed,378,1
73,L1,plate,Regular,638,1
73,L1,plate,Delayed,486,1
73,L1,plug,Regular,429,1
73,L1,shirt,Regular,513,1
73,L1,shirt,Delayed,330,1
73,L1,snail,Regular,446,1
73,L1,snail,Delayed,689,1
73,L1,stool,Regular,600,1
73,L1,stool,Delayed,421,1
73,L1,witch,Regular,635,1
73,L1,witch,Delayed,466,1
74,L1,dress,Regular,590,1
74,L1,dress,Delayed,342,1
74,L1,ghost,Regular,591,1
74,L1,ghost,Delayed,280,1
74,L1,horse,Regular,558,1
74,L1,horse,Delayed,311,0
74,L1,plate,Regular,957,1
74,L1,plate,Delayed,291,1
74,L1,plug,Regular,626,0
74,L1,plug,Delayed,586,1
74,L1,shirt,Regular,715,0
74,L1,shirt,Delayed,647,1
74,L1,snail,Regular,488,1
74,L1,snail,Delayed,249,1
74,L1,stool,Regular,644,1
74,L1,stool,Delayed,218,1
74,L1,witch,Regular,631,0
74,L1,witch,Delayed,262,1
75,L1,cloud,Regular,522,1
75,L1,cloud,Delayed,280,0
75,L1,dress,Regular,627,1
75,L1,dress,Delayed,180,1
75,L1,ghost,Regular,480,1
75,L1,ghost,Delayed,274,0
75,L1,horse,Regular,572,0
75,L1,horse,Delayed,305,1
75,L1,plate,Regular,563,1
75,L1,plate,Delayed,256,1
75,L1,plug,Regular,566,1
75,L1,plug,Delayed,212,1
75,L1,shirt,Regular,734,1
75,L1,snail,Regular,536,1
75,L1,snail,Delayed,275,1
75,L1,stool,Regular,449,1
75,L1,stool,Delayed,205,1
75,L1,witch,Regular,588,1
75,L1,witch,Delayed,271,1
76,L1,cloud,Regular,894,1
76,L1,cloud,Delayed,660,1
76,L1,dress,Regular,831,1
76,L1,dress,Delayed,900,1
76,L1,ghost,Regular,736,1
76,L1,ghost,Delayed,1038,1
76,L1,horse,Regular,678,1
76,L1,horse,Delayed,1287,1
76,L1,plate,Regular,1072,1
76,L1,plate,Delayed,898,1
76,L1,shirt,Regular,1082,1
76,L1,shirt,Delayed,712,1
76,L1,snail,Regular,667,1
76,L1,snail,Delayed,691,0
76,L1,stool,Regular,685,1
76,L1,stool,Delayed,1285,1
76,L1,witch,Regular,668,1
76,L1,witch,Delayed,1114,1
77,L1,cloud,Regular,783,1
77,L1,dress,Regular,574,1
77,L1,dress,Delayed,572,1
77,L1,ghost,Regular,826,1
77,L1,ghost,Delayed,726,1
77,L1,horse,Regular,666,1
77,L1,horse,Delayed,580,1
77,L1,plate,Regular,891,1
77,L1,plate,Delayed,803,1
77,L1,plug,Regular,1122,1
77,L1,plug,Delayed,464,1
77,L1,snail,Regular,778,1
77,L1,snail,Delayed,639,1
77,L1,stool,Regular,675,0
77,L1,stool,Delayed,407,1
77,L1,witch,Regular,772,1
77,L1,witch,Delayed,830,1
78,L1,cloud,Regular,879,1
78,L1,cloud,Delayed,278,1
78,L1,dress,Regular,590,1
78,L1,dress,Delayed,510,0
78,L1,ghost,Regular,868,0
78,L1,ghost,Delayed,500,1
78,L1,horse,Regular,551,1
78,L1,horse,Delayed,449,1
78,L1,plate,Regular,658,1
78,L1,plate,Delayed,526,1
78,L1,plug,Regular,950,1
78,L1,plug,Delayed,223,1
78,L1,shirt,Regular,1165,1
78,L1,shirt,Delayed,527,1
78,L1,snail,Delayed,436,1
78,L1,stool,Regular,1131,1
78,L1,stool,Delayed,586,1
78,L1,witch,Regular,704,1
78,L1,witch,Delayed,421,1
79,L1,cloud,Regular,1080,0
79,L1,cloud,Delayed,246,1
79,L1,dress,Regular,801,1
79,L1,dress,Delayed,376,0
79,L1,ghost,Regular,675,1
79,L1,ghost,Delayed,205,1
79,L1,horse,Regular,526,1
79,L1,horse,Delayed,282,1
79,L1,plate,Regular,655,1
79,L1,plate,Delayed,326,1
79,L1,plug,Regular,672,1
79,L1,plug,Delayed,384,1
79,L1,shirt,Regular,568,0
79,L1,shirt,Delayed,249,1
79,L1,snail,Regular,558,1
79,L1,snail,Delayed,307,1
79,L1,stool,Regular,641,1
79,L1,stool,Delayed,291,1
79,L1,witch,Regular,445,1
79,L1,witch,Delayed,353,1
80,L1,dress,Regular,673,1
80,L1,dress,Delayed,890,1
80,L1,ghost,Regular,815,1
80,L1,ghost,Delayed,653,1
80,L1,horse,Regular,615,1
80,L1,horse,Delayed,1094,1
80,L1,plate,Regular,1246,1
80,L1,plate,Delayed,674,1
80,L1,plug,Delayed,918,1
80,L1,shirt,Regular,697,1
80,L1,shirt,Delayed,962,1
80,L1,snail,Regular,551,1
80,L1,snail,Delayed,689,1
80,L1,stool,Regular,984,1
80,L1,stool,Delayed,748,1
80,L1,witch,Regular,800,1
80,L1,witch,Delayed,846,1
81,L1,cloud,Regular,1085,1
81,L1,cloud,Delayed,760,1
81,L1,dress,Regular,961,1
81,L1,dress,Delayed,418,1
81,L1,ghost,Regular,898,1
81,L1,ghost,Delayed,657,1
81,L1,horse,Regular,933,1
81,L1,horse,Delayed,743,1
81,L1,plate,Regular,1033,1
81,L1,plate,Delayed,537,1
81,L1,plug,Regular,1285,1
81,L1,plug,Delayed,663,1
81,L1,shirt,Regular,770,0
81,L1,snail,Regular,697,1
81,L1,snail,Delayed,570,1
81,L1,stool,Regular,928,1
81,L1,stool,Delayed,597,1
81,L1,witch,Regular,970,1
81,L1,witch,Delayed,673,1
82,L1,cloud,Regular,1157,1
82,L1,cloud,Delayed,634,1
82,L1,dress,Regular,875,1
82,L1,dress,Delayed,528,1
82,L1,ghost,Regular,643,1
82,L1,ghost,Delayed,515,1
82,L1,horse,Regular,806,0
82,L1,horse,Delayed,520,1
82,L1,plate,Regular,910,1
82,L1,plate,Delayed,527,1
82,L1,plug,Regular,876,1
82,L1,plug,Delayed,842,1
82,L1,shirt,Regular,820,1
82,L1,shirt,Delayed,754,1
82,L1,snail,Regular,584,1
82,L1,snail,Delayed,493,1
82,L1,stool,Regular,676,1
82,L1,stool,Delayed,241,1
82,L1,witch,Regular,926,1
82,L1,witch,Delayed,609,1
83,L1,cloud,Regular,1290,1
83,L1,cloud,Delayed,366,1
83,L1,dress,Regular,466,1
83,L1,dress,Delayed,490,1
83,L1,ghost,Regular,661,1
83,L1,ghost,Delayed,504,1
83,L1,horse,Regular,599,1
83,L1,horse,Delayed,432,1
83,L1,plate,Regular,797,1
83,L1,plate,Delayed,372,0
83,L1,plug,Regular,871,1
83,L1,plug,Delayed,520,1
83,L1,shirt,Delayed,339,1
83,L1,snail,Regular,625,1
83,L1,snail,Delayed,161,1
83,L1,stool,Regular,654,0
83,L1,witch,Regular,704,1
83,L1,witch,Delayed,410,1
84,L1,cloud,Regular,903,1
84,L1,cloud,Delayed,468,1
84,L1,dress,Regular,559,1
84,L1,dress,Delayed,428,0
84,L1,ghost,Regular,582,1
84,L1,ghost,Delayed,382,1
84,L1,horse,Regular,647,1
84,L1,horse,Delayed,419,1
84,L1,plate,Regular,758,1
84,L1,plate,Delayed,446,1
84,L1,plug,Regular,1403,1
84,L1,plug,Delayed,358,1
84,L1,shirt,Delayed,332,1
84,L1,snail,Regular,664,0
84,L1,snail,Delayed,407,1
84,L1,stool,Regular,481,0
84,L1,stool,Delayed,506,1
84,L1,witch,Regular,798,0
84,L1,witch,Delayed,433,1
85,L1,cloud,Delayed,469,1
85,L1,dress,Regular,1000,1
85,L1,dress,Delayed,777,1
85,L1,ghost,Delayed,588,1
85,L1,horse,Regular,1062,1
85,L1,horse,Delayed,592,1
85,L1,plug,Delayed,821,0
85,L1,shirt,Delayed,758,1
85,L1,snail,Regular,1052,1
85,L1,snail,Delayed,587,1
85,L1,stool,Delayed,639,1
85,L1,witch,Delayed,729,1
86,L1,cloud,Regular,603,0
86,L1,cloud,Delayed,283,1
86,L1,dress,Regular,1066,1
86,L1,dress,Delayed,244,1
86,L1,ghost,Regular,512,1
86,L1,ghost,Delayed,177,1
86,L1,horse,Regular,550,1
86,L1,horse,Delayed,224,1
86,L1,plate,Regular,641,1
86,L1,plate,Delayed,262,1
86,L1,shirt,Regular,676,1
86,L1,shirt,Delayed,263,1
86,L1,snail,Regular,429,1
86,L1,snail,Delayed,210,1
86,L1,stool,Regular,525,1
86,L1,stool,Delayed,527,1
86,L1,witch,Regular,563,1
86,L1,witch,Delayed,318,1
87,L1,cloud,Regular,590,1
87,L1,cloud,Delayed,607,1
87,L1,dress,Regular,570,1
87,L1,dress,Delayed,302,1
87,L1,ghost,Regular,613,1
87,L1,ghost,Delayed,314,1
87,L1,horse,Regular,643,1
87,L1,horse,Delayed,533,1
87,L1,plate,Regular,740,1
87,L1,plate,Delayed,631,1
87,L1,plug,Regular,703,1
87,L1,plug,Delayed,571,1
87,L1,shirt,Regular,432,1
87,L1,shirt,Delayed,242,1
87,L1,snail,Regular,575,1
87,L1,snail,Delayed,742,0
87,L1,stool,Regular,625,1
87,L1,stool,Delayed,288,0
87,L1,witch,Regular,641,0
87,L1,witch,Delayed,420,1
88,L1,cloud,Regular,615,1
88,L1,cloud,Delayed,410,1
88,L1,dress,Regular,586,1
88,L1,dress,Delayed,431,0
88,L1,ghost,Regular,530,1
88,L1,ghost,Delayed,339,1
88,L1,horse,Regular,563,1
88,L1,horse,Delayed,513,1
88,L1,plate,Regular,703,1
88,L1,plate,Delayed,314,1
88,L1,plug,Regular,706,1
88,L1,plug,Delayed,512,1
88,L1,shirt,Regular,591,1
88,L1,shirt,Delayed,430,1
88,L1,snail,Regular,514,1
88,L1,snail,Delayed,311,1
88,L1,stool,Regular,586,0
88,L1,witch,Regular,655,1
88,L1,witch,Delayed,315,1
89,L1,dress,Regular,668,1
89,L1,dress,Delayed,884,1
89,L1,ghost,Regular,1064,1
89,L1,ghost,Delayed,948,1
89,L1,horse,Regular,718,1
89,L1,horse,Delayed,682,1
89,L1,plate,Regular,987,1
89,L1,plate,Delayed,564,1
89,L1,shirt,Regular,804,1
89,L1,snail,Regular,649,1
89,L1,snail,Delayed,355,1
89,L1,stool,Delayed,345,1
89,L1,witch,Regular,1006,1
89,L1,witch,Delayed,605,0
90,L1,cloud,Regular,764,1
90,L1,cloud,Delayed,168,1
90,L1,dress,Regular,583,1
90,L1,dress,Delayed,366,1
90,L1,ghost,Regular,508,1
90,L1,ghost,Delayed,233,1
90,L1,horse,Regular,528,1
90,L1,horse,Delayed,375,1
90,L1,plate,Regular,674,1
90,L1,plate,Delayed,252,1
90,L1,plug,Regular,400,1
90,L1,plug,Delayed,423,1
90,L1,shirt,Regular,503,1
90,L1,shirt,Delayed,198,1
90,L1,snail,Regular,480,1
90,L1,snail,Delayed,229,1
90,L1,stool,Regular,566,1
90,L1,stool,Delayed,473,1
90,L1,witch,Regular,545,1
90,L1,witch,Delayed,525,1
91,L1,cloud,Regular,541,0
91,L1,cloud,Delayed,243,1
91,L1,dress,Regular,724,1
91,L1,dress,Delayed,819,1
91,L1,ghost,Regular,539,1
91,L1,ghost,Delayed,652,1
91,L1,horse,Regular,561,1
91,L1,horse,Delayed,417,1
91,L1,plate,Regular,774,1
91,L1,plate,Delayed,814,1
91,L1,shirt,Regular,891,1
91,L1,shirt,Delayed,439,1
91,L1,snail,Regular,501,1
91,L1,snail,Delayed,305,1
91,L1,stool,Regular,648,1
91,L1,stool,Delayed,337,1
91,L1,witch,Regular,901,1
91,L1,witch,Delayed,358,1
